0,1,2,3,4,5,6,7,8,9,10,11,12,13,14,15,id
0.2281634,0.7950128,0.51846397,0.4870471,0.912754,0.8597854,0.8075043,0.6705967,0.9852324,0.78795195,0.1610957,0.77731323,0.78046876,0.13412203,0.35501722,0.29204807,AH17A072
0.21891817,0.7702065,0.5011059,0.47406057,0.88410825,0.83363485,0.782915,0.65110034,0.9559093,0.76403236,0.15824991,0.7528899,0.7549252,0.13017577,0.34161076,0.28336176,AH21C001
0.22189975,0.7797375,0.5078276,0.47885975,0.8947179,0.84314644,0.79285276,0.65791225,0.9664491,0.7730721,0.15937512,0.7608801,0.76411325,0.13198456,0.34669295,0.28620064,CPO100
0.22441614,0.79085773,0.51385206,0.4862989,0.9060707,0.8563644,0.80487055,0.66855675,0.9796123,0.7849104,0.16102858,0.7739292,0.7744587,0.13411175,0.35148856,0.2902654,AH18J067
0.21459168,0.7526718,0.48885363,0.46378583,0.8642499,0.81373113,0.764392,0.63322663,0.93557346,0.7430547,0.15604027,0.7343393,0.7386278,0.1258013,0.33459452,0.28013203,AH17G002
0.21864264,0.7726712,0.50213015,0.47466573,0.8872892,0.8360446,0.7835565,0.6529817,0.9581896,0.7657958,0.1579351,0.75489324,0.75529146,0.13053274,0.34191123,0.28459767,AH17C019
0.21784678,0.7671085,0.4990348,0.4725528,0.8810913,0.83105767,0.7792292,0.6491261,0.95352095,0.76087254,0.15799524,0.7503019,0.75244087,0.12957522,0.33990207,0.2834478,AH19J066
0.21789603,0.7658592,0.4977248,0.47159046,0.8797758,0.8288306,0.7776906,0.6475673,0.9507411,0.75881135,0.15736014,0.74874973,0.7510999,0.1292777,0.33911014,0.28259185,CPO512
0.22084746,0.77126694,0.5027528,0.47413558,0.8867612,0.83459455,0.7829838,0.65135765,0.95809746,0.76368576,0.15829346,0.7533893,0.7579319,0.12978631,0.34287295,0.2849815,AH17B010
0.21909347,0.7751936,0.5036139,0.47655272,0.8905587,0.83960557,0.7863784,0.6558695,0.96210796,0.7686799,0.15846944,0.75800276,0.75792694,0.13102405,0.34274825,0.28603503,AH19B019
0.22114393,0.77303547,0.5050269,0.47541353,0.88968533,0.8377858,0.78676635,0.65267026,0.9623827,0.76665026,0.15925229,0.7563767,0.760752,0.13060278,0.34557715,0.2863536,AH19G042
0.22444528,0.7898446,0.5140033,0.4856463,0.9052759,0.85459703,0.8037439,0.66771674,0.9784232,0.7842468,0.16095872,0.7723295,0.7738766,0.13417915,0.35141173,0.28909832,AH17E009
0.21738268,0.76393926,0.49661508,0.47087345,0.8778637,0.8270902,0.77690804,0.6442016,0.95029736,0.75648093,0.15800068,0.74730027,0.74978215,0.12821415,0.3390366,0.284039,AH17E019
0.21978076,0.77421457,0.5034427,0.4764216,0.88833815,0.8379101,0.7872644,0.6548626,0.9605812,0.76795703,0.15889981,0.7568296,0.7588374,0.13103655,0.3433489,0.28471833,CPO466
0.22070915,0.7794166,0.5065534,0.48065582,0.89443517,0.84518987,0.79369366,0.6591153,0.9677124,0.7740677,0.16003045,0.7636124,0.76405674,0.13268016,0.34566748,0.28728917,AH16L034
0.21693154,0.76428443,0.49683562,0.4711086,0.87723905,0.82783014,0.7768677,0.64635074,0.949762,0.7576452,0.15769546,0.7476582,0.7494672,0.12882867,0.33880043,0.28244418,AH17B038
0.21189375,0.74682105,0.48522037,0.46087328,0.85866374,0.80884707,0.758623,0.6306644,0.9303783,0.7398181,0.15579486,0.7303741,0.73307335,0.12561715,0.33055755,0.27797827,AH17A065
0.22355914,0.779039,0.5085695,0.47818413,0.8954984,0.8426033,0.7911056,0.6571358,0.9669784,0.77143526,0.15923963,0.76049656,0.76520175,0.13108121,0.34715334,0.28724116,AH20L011
0.2189711,0.7716622,0.50193244,0.47542074,0.88566214,0.83542174,0.784742,0.65266263,0.95806324,0.7656744,0.1586497,0.754383,0.7563739,0.13022678,0.34196156,0.2843246,AH17D104
0.21881984,0.7704861,0.50124353,0.47448388,0.8839675,0.8340604,0.7834386,0.65103394,0.95614886,0.76420426,0.15838808,0.7528585,0.75538087,0.1307488,0.34202105,0.28328627,AH17D052
0.2188541,0.77026,0.5005328,0.4747131,0.88412225,0.8340555,0.78285396,0.65098214,0.9559576,0.7636216,0.15855275,0.75294334,0.75496083,0.13011092,0.34130582,0.28355855,AH17E039
0.22141843,0.7823114,0.5079612,0.4823718,0.8970533,0.8474596,0.7957331,0.6619387,0.9697365,0.7765443,0.16038813,0.76576245,0.7662108,0.13306758,0.34630865,0.28727582,AH21K050
0.22078326,0.77150816,0.5030658,0.47433126,0.8867877,0.8348455,0.7831926,0.6509041,0.958187,0.7640217,0.15834358,0.7533181,0.7574889,0.12966219,0.3431236,0.28487262,AH18K079
0.2189446,0.7706979,0.50142896,0.47404256,0.885181,0.8342851,0.78306615,0.6516638,0.9569259,0.7642311,0.15826589,0.7530697,0.7555863,0.13049655,0.34184363,0.283954,CPO497
0.21768022,0.7662016,0.49870855,0.47225463,0.8801732,0.83011377,0.7789645,0.6483659,0.9526923,0.7600283,0.1582885,0.7494174,0.752023,0.1294893,0.3397634,0.28286132,AH17E002
0.22611466,0.7966795,0.5176619,0.488688,0.9130123,0.8614775,0.8101229,0.6731171,0.9855392,0.79080194,0.16090852,0.7785792,0.7797004,0.13572676,0.35491222,0.29130995,AH17B063
0.21957685,0.7709575,0.5022411,0.4722462,0.8881386,0.8349617,0.78182715,0.6508561,0.9593681,0.7624427,0.15778707,0.753725,0.7558621,0.12927823,0.34262958,0.28715417,AH19E056
0.21780594,0.7668219,0.49877402,0.47231612,0.8807264,0.8300712,0.77903175,0.6480119,0.95233876,0.76018625,0.15807557,0.74939895,0.75164515,0.12927644,0.33940402,0.28274995,AH22A148
0.22127455,0.78328305,0.5086633,0.48204842,0.8975222,0.8477781,0.7968561,0.66240054,0.9703188,0.7779637,0.15998302,0.76600903,0.7660247,0.13322245,0.34726912,0.28700727,AH17E035
0.22233851,0.78207284,0.50956,0.48009464,0.8971197,0.8451274,0.7951323,0.6594541,0.9684902,0.7755569,0.15998794,0.7623912,0.76550996,0.13194656,0.34793156,0.28634784,AH17B059
0.21844238,0.7688065,0.4998205,0.47355574,0.88230854,0.83175653,0.78169835,0.649105,0.9538836,0.7622853,0.15811884,0.7506928,0.7533551,0.12960763,0.34112287,0.28315857,AH17E169
0.21635012,0.7627041,0.49602395,0.46995947,0.8762339,0.8267536,0.7745322,0.645455,0.9482217,0.75560516,0.15691933,0.7460202,0.74803114,0.12944105,0.33771873,0.28228313,AH17K030
0.21601686,0.7617645,0.4943061,0.46872714,0.8739342,0.8235216,0.773237,0.64290464,0.94513273,0.7545751,0.15692404,0.7437541,0.74555326,0.12833175,0.337559,0.28070825,AH19L016
0.22272797,0.78092164,0.5088876,0.47913018,0.89641017,0.8444204,0.7937067,0.65858465,0.9682213,0.7738481,0.15960637,0.7619658,0.7656392,0.13191997,0.34756425,0.28720558,AH17D114
0.22188132,0.77635986,0.5064854,0.47698396,0.89210033,0.83994675,0.7885198,0.6552258,0.9634721,0.7696418,0.15880622,0.75789577,0.76142687,0.1308416,0.34544373,0.28577578,AH20D012
0.21892451,0.77097934,0.5014277,0.47513527,0.884879,0.83447844,0.7843009,0.65139645,0.95709485,0.76491874,0.1584333,0.7531577,0.75610113,0.130848,0.34239748,0.28364325,CPO181
0.22251472,0.77849853,0.5076276,0.47754565,0.89424926,0.84181136,0.79136753,0.65698767,0.96668047,0.7715746,0.15903004,0.7603307,0.7644264,0.13162223,0.34726632,0.28694966,AH17E025
0.22036141,0.7690463,0.5014995,0.47281185,0.88430655,0.83205587,0.78054696,0.64926976,0.9551864,0.7611314,0.15860635,0.7504371,0.7555933,0.12819548,0.34127817,0.2845736,AH16L007
0.22189194,0.7837456,0.50885844,0.48286015,0.8986679,0.84914833,0.79733294,0.66301817,0.9712291,0.7781746,0.16035402,0.7670813,0.76733834,0.13328762,0.3469459,0.2876156,AH17D101
0.22812231,0.7946531,0.5190793,0.48770693,0.91296715,0.86031026,0.80837864,0.67162126,0.985927,0.78830826,0.16114923,0.7775117,0.78169805,0.13421513,0.35526827,0.29249075,CPO159
0.22382265,0.7856814,0.5118559,0.48436582,0.90206134,0.8518776,0.79942757,0.6661351,0.9756041,0.77997243,0.16098559,0.77007025,0.77164286,0.13195135,0.34808153,0.289523,AH17E172
0.22655,0.79189205,0.51754373,0.48338094,0.9127413,0.8575422,0.8024247,0.6689952,0.9834105,0.7844694,0.15979831,0.7740497,0.7766685,0.13318479,0.35358128,0.2930432,AH17G012
0.21834773,0.7659553,0.49899957,0.47217375,0.8799575,0.82887626,0.77804446,0.648368,0.95231557,0.7597659,0.15807146,0.74937594,0.75201094,0.12833546,0.33968177,0.2824254,AH17E017
0.2264358,0.7958862,0.51818955,0.49008706,0.91247237,0.8624964,0.8121244,0.67202973,0.98667634,0.79057235,0.16201477,0.77970874,0.7810451,0.1363139,0.3556793,0.29195732,AH17D047
0.22100334,0.7735985,0.5039387,0.47525266,0.8887085,0.83740294,0.7867395,0.65241235,0.96133053,0.76614064,0.15871288,0.7560117,0.7595638,0.13082346,0.34494856,0.28607675,AH17E167
0.22302914,0.78046364,0.5094508,0.47863227,0.8961306,0.8433847,0.7932537,0.6580057,0.96802056,0.77353543,0.1593724,0.76097095,0.7656036,0.13127223,0.34823403,0.28708804,AH17C069
0.21970253,0.76864976,0.5014363,0.47363162,0.88374823,0.8328771,0.7836512,0.6481426,0.95762193,0.7618567,0.15850906,0.75280225,0.7562991,0.1303094,0.34361514,0.2855536,AH17C022
0.22475532,0.7902687,0.5140308,0.48700184,0.9064798,0.85628134,0.80402344,0.6688408,0.9790989,0.78435856,0.16118932,0.7734715,0.77427423,0.13306983,0.35035416,0.2902723,CPO144
0.22059184,0.7707721,0.5029027,0.47353214,0.88624316,0.83386874,0.78247154,0.65075654,0.9578927,0.76382303,0.1582221,0.75279945,0.75704813,0.12977734,0.3428613,0.2846456,AH19E003
0.20936157,0.73878926,0.48033303,0.45672214,0.8508135,0.80022687,0.74894077,0.6257983,0.9207715,0.7320832,0.15482986,0.72244376,0.7245235,0.122714676,0.32421607,0.2747311,AH17B062
0.21666831,0.7613261,0.49541217,0.4688761,0.8749265,0.82414824,0.7748072,0.6414611,0.9479391,0.75362754,0.15776756,0.744283,0.7481624,0.12819694,0.3386685,0.2834912,CPO155
0.22094566,0.77097166,0.5033695,0.47366259,0.886709,0.83452976,0.7823978,0.6510829,0.9583751,0.7640582,0.15833916,0.753932,0.7575739,0.12972519,0.3429204,0.28490454,AH16L023
0.22327462,0.77874863,0.5083459,0.4784098,0.89525604,0.84289616,0.79143447,0.657464,0.9672998,0.771745,0.1594359,0.7609782,0.7652168,0.13145526,0.34701827,0.28729436,AH19A001
0.22146425,0.7735971,0.5047858,0.47516933,0.889485,0.8372083,0.78578264,0.65316194,0.96108514,0.7667333,0.15841246,0.756054,0.759685,0.13033769,0.3443466,0.28556564,AH16L021
0.22117496,0.7754875,0.5052871,0.4765073,0.8907492,0.8387756,0.7871737,0.65542394,0.9626474,0.7688064,0.15868814,0.7580066,0.7611943,0.1311695,0.34460902,0.28544107,AH17E016
0.21927123,0.77226394,0.50235456,0.47516957,0.8866355,0.8360597,0.78500813,0.6531292,0.95896673,0.76613176,0.1585731,0.7547885,0.7572401,0.13035482,0.3424469,0.28467527,AH17B061
0.22387266,0.7899449,0.5130831,0.4864993,0.9050593,0.8553947,0.803991,0.66781086,0.9784678,0.78418636,0.1611093,0.77316064,0.7737466,0.13471664,0.3510567,0.2894187,AH17B068
0.22284321,0.7785697,0.5078632,0.47760785,0.8944492,0.841727,0.7907861,0.6560096,0.96562564,0.7707448,0.1590972,0.7593278,0.7638247,0.13055815,0.34693852,0.28719065,AH16L004
0.22043237,0.7731747,0.5039581,0.4739533,0.8893205,0.836592,0.7843191,0.65287185,0.96030974,0.7656175,0.15827829,0.7548529,0.7581579,0.1300935,0.34343335,0.28571364,AH19D057
0.214758,0.7574038,0.49274048,0.46680984,0.87121063,0.8202753,0.7681261,0.6411569,0.9423727,0.7506841,0.15677083,0.7410261,0.7423754,0.12647483,0.33417538,0.2809092,AH17D116
0.21761566,0.76606274,0.49858502,0.4713247,0.87952745,0.8285508,0.7784316,0.6471122,0.95103914,0.7596532,0.15772653,0.74838495,0.7506651,0.12863584,0.3401601,0.28236347,AH17D050
0.21611631,0.7580837,0.4938953,0.4673698,0.8715557,0.82198185,0.7731291,0.63952,0.9458562,0.75148237,0.15729772,0.74359775,0.7464489,0.12887722,0.33880338,0.28287238,CPO148
0.22087786,0.7769905,0.5057321,0.47683,0.89273465,0.8406342,0.7885498,0.65620565,0.96396935,0.76996166,0.1586009,0.7586073,0.76101506,0.13153213,0.34510535,0.28594473,AH21H019
0.22108479,0.7711364,0.50275284,0.47385958,0.8866601,0.8345015,0.78233236,0.650772,0.9585611,0.7638126,0.15818314,0.75374895,0.75702953,0.12935928,0.34293354,0.28511965,CPO509
0.22721878,0.7931128,0.5175539,0.48853716,0.9113351,0.85946554,0.8067868,0.6720235,0.9851029,0.7872713,0.16193736,0.77761006,0.78018343,0.1332152,0.35383746,0.29197007,AH16L015
0.2188673,0.7714658,0.5015599,0.47469586,0.88527226,0.83472514,0.78431,0.65172905,0.95686275,0.7649521,0.15860082,0.7534415,0.7559987,0.1307806,0.34212908,0.28361452,AH17D096
0.22363001,0.7873751,0.5120689,0.4847669,0.90267384,0.8527965,0.80094564,0.6658405,0.9759551,0.78140503,0.1611074,0.77070594,0.77172625,0.133464,0.34948322,0.28900164,AH20F061
0.21821664,0.7678683,0.49952912,0.4726721,0.881251,0.82972986,0.77983385,0.647594,0.9522679,0.7613271,0.15790002,0.749055,0.7524412,0.12944901,0.34040117,0.28255054,CPO506
0.21997167,0.7681266,0.50123066,0.4723491,0.88355637,0.83179784,0.7814114,0.6474692,0.9562105,0.76050144,0.15817477,0.7508067,0.75580615,0.12942693,0.34358084,0.28559676,AH20I061
0.21949495,0.77377933,0.50285715,0.4755921,0.88717395,0.8367091,0.7864067,0.653188,0.9587358,0.7670608,0.15875307,0.7551492,0.7572902,0.13071541,0.34309644,0.28400648,AH20E072
0.21859422,0.7674723,0.49956036,0.47311386,0.8813761,0.830595,0.7795844,0.6491337,0.95314586,0.7608721,0.1583134,0.749838,0.75289357,0.12843493,0.34009534,0.2833103,CPO168
0.21966174,0.76851964,0.5005739,0.47296694,0.88314545,0.83211935,0.78257704,0.6474023,0.95641106,0.760543,0.15868892,0.75181806,0.7554709,0.12932776,0.34278667,0.2858947,AH17A074
0.22437017,0.78921205,0.51305854,0.48471698,0.90495867,0.85484225,0.80268127,0.6671639,0.97897065,0.7830072,0.16056742,0.7727025,0.773539,0.1346793,0.3513548,0.28971553,CPO486
0.22340909,0.78023034,0.50890124,0.47946718,0.89641076,0.8444316,0.7923203,0.6590598,0.96841973,0.773356,0.15932053,0.7628323,0.7660766,0.131583,0.34720677,0.28754443,AH17E168
0.22535299,0.793534,0.51657206,0.487737,0.90919966,0.8585988,0.80765194,0.6707606,0.9830903,0.78846043,0.16151835,0.77626127,0.77758807,0.1352778,0.35377452,0.29013884,AH20B011
0.21814999,0.76988584,0.499273,0.47419068,0.88307655,0.8323912,0.7822166,0.65064937,0.95386165,0.7632801,0.1576794,0.7516463,0.75358546,0.13096826,0.34055257,0.28287977,AH17A081
0.21864384,0.7705762,0.50069046,0.47518313,0.88484335,0.83429945,0.78353405,0.6514228,0.9561166,0.76419926,0.15861297,0.75350785,0.7549177,0.12977594,0.34058556,0.2838926,AH17E089
0.22083843,0.7739035,0.50409985,0.4761913,0.8888769,0.83809096,0.7883729,0.65293694,0.96255493,0.7670396,0.15883248,0.7575799,0.7603508,0.13165781,0.3457233,0.28636482,AH21C036
0.22159621,0.77643204,0.5064091,0.4767847,0.89206815,0.84033316,0.7897777,0.6555444,0.9647547,0.76996297,0.15902738,0.75907856,0.7626209,0.13168228,0.34692687,0.2862476,AH17B074
0.22074044,0.77691615,0.5055588,0.47980237,0.8921109,0.84173644,0.79036605,0.6581203,0.9644054,0.77108055,0.15952855,0.7611455,0.76218075,0.13088563,0.34393275,0.28583127,AH16L020
0.2188712,0.76892525,0.5010643,0.47110823,0.8858574,0.83235943,0.77964056,0.6490365,0.9565037,0.760629,0.15761921,0.7514269,0.75346285,0.12853552,0.34098896,0.28621438,AH17D111
0.22243637,0.77625936,0.50620055,0.47694537,0.89230126,0.8400346,0.7877128,0.65521485,0.96382946,0.7688826,0.15873808,0.7587791,0.7626122,0.13119502,0.3455468,0.2863155,AH20G033
0.22852959,0.7980295,0.52125305,0.48648924,0.9198439,0.8637083,0.8087042,0.6743891,0.9904941,0.789801,0.16024743,0.78055227,0.78235483,0.1341105,0.3563603,0.29512882,CPO135
0.22109868,0.7817105,0.507622,0.4821865,0.89615726,0.84642416,0.7948873,0.6612196,0.9687392,0.77620834,0.16012748,0.7650052,0.76545894,0.13310598,0.3463244,0.286405,AH17A049
0.21931714,0.77011293,0.50150526,0.47390231,0.8844715,0.8333457,0.7829612,0.6512065,0.95630485,0.7638644,0.15848176,0.7524665,0.755855,0.12983942,0.34168923,0.28374097,AH17A029
0.22284739,0.78652364,0.51121795,0.48431763,0.90121657,0.85189456,0.80040807,0.6653043,0.9747505,0.7811951,0.16069905,0.76956403,0.76996607,0.13353029,0.34915447,0.28839013,AH17B052
0.22834468,0.79544973,0.519043,0.48808986,0.9134844,0.861012,0.80820674,0.67226607,0.98644507,0.788782,0.16101179,0.77864707,0.78175396,0.13429023,0.35514814,0.2924392,AH17B006
0.21682729,0.7625472,0.49564153,0.46900117,0.8761237,0.82526505,0.7760479,0.6419437,0.9492776,0.7545957,0.15778434,0.74534965,0.7488361,0.12864196,0.33959633,0.28398174,AH19I029
0.2218479,0.7826034,0.50909716,0.48109084,0.8978112,0.8470008,0.7959037,0.6613141,0.9709738,0.77638286,0.16037,0.76465,0.766479,0.13164987,0.347448,0.28790802,AH17E038
0.21999148,0.7713157,0.5023091,0.47358504,0.8857387,0.83365613,0.7830387,0.6506766,0.9567416,0.7638937,0.15789942,0.7521836,0.7564435,0.13022219,0.34299996,0.28412753,AH17E011
0.21790217,0.7670129,0.49876335,0.4721594,0.8809743,0.8302973,0.77961206,0.648235,0.95242476,0.7604618,0.15810008,0.749356,0.751898,0.12884171,0.33913726,0.28315002,AH17E015
0.22139044,0.7745375,0.50530994,0.47418416,0.8922563,0.8384909,0.7853484,0.65395707,0.962788,0.76666737,0.15829353,0.75657034,0.75998,0.12981457,0.3449343,0.28709322,AH17D106
0.21976928,0.76522315,0.4986986,0.47094277,0.8806645,0.82853234,0.7757385,0.6458913,0.9518552,0.75684524,0.1577889,0.74778384,0.75253433,0.12843889,0.34003615,0.28380072,AH17B001
0.2162674,0.7618415,0.49510238,0.4697035,0.8746695,0.82514685,0.7743699,0.6436258,0.9465527,0.7553123,0.1575564,0.7450721,0.7466309,0.12835231,0.33789018,0.28146017,AH17E032
0.22058897,0.7744892,0.50442,0.47486776,0.8906631,0.83811057,0.7859582,0.65432286,0.9616406,0.76711226,0.15813898,0.75685763,0.75879246,0.13054419,0.34395355,0.28606778,AH17A041
0.22109179,0.77614677,0.5052421,0.47734135,0.8904553,0.83966583,0.7898532,0.6546964,0.96325773,0.76931196,0.1593881,0.7581839,0.7612428,0.13133793,0.34538844,0.2860145,AH17D094
0.22124244,0.77315676,0.50420034,0.47554386,0.8890358,0.8365606,0.78512514,0.6533192,0.9602857,0.765948,0.15877335,0.7554246,0.75986725,0.13016137,0.3436558,0.28523842,AH17B009
0.21992438,0.768684,0.50144464,0.4727171,0.8840487,0.8315632,0.7807587,0.6487834,0.954895,0.76093054,0.15816657,0.7500529,0.75536174,0.1289408,0.34176522,0.28398937,AH18L045
0.22944142,0.8013019,0.5234579,0.49058127,0.9201321,0.86717385,0.81505674,0.6766391,0.99332803,0.7953419,0.16186069,0.78373593,0.7869326,0.13589387,0.3584659,0.29402363,AH17A043
0.22683294,0.791876,0.51671714,0.48719108,0.9095909,0.85768193,0.80443215,0.67055726,0.98338336,0.78576636,0.16157855,0.77590096,0.7785489,0.13268393,0.3530834,0.29153606,AH21G049
0.21872212,0.77235466,0.5016054,0.47530955,0.8859438,0.8357692,0.7852635,0.6527303,0.95762944,0.7659155,0.15857792,0.75461423,0.755822,0.1307651,0.34201247,0.2837226,AH17E043
0.22174202,0.77574605,0.5055428,0.47702658,0.8907072,0.83926594,0.7885134,0.65410626,0.9622874,0.7681609,0.15877067,0.75711566,0.7608128,0.13043433,0.34542963,0.28589296,AH17H008
0.22871551,0.79784906,0.5214162,0.48946086,0.9157621,0.86314964,0.8120809,0.6739487,0.98915416,0.7919843,0.16167729,0.77966547,0.78424674,0.1353702,0.357033,0.2927479,AH17F006
0.22160213,0.7723179,0.5041297,0.47444615,0.8882447,0.83542275,0.78390545,0.6515769,0.9594365,0.76483226,0.15856566,0.7537612,0.7588311,0.12926802,0.34410805,0.28538346,AH17E034
0.2244026,0.7880393,0.5132165,0.4844787,0.90384305,0.85364276,0.8028543,0.6653503,0.9785358,0.7822902,0.16097502,0.7717475,0.77374536,0.13437031,0.35194284,0.2903196,AH17A046
0.22762671,0.7936378,0.5184893,0.4881053,0.91128945,0.85889906,0.80728316,0.6707327,0.9842307,0.7876369,0.16166641,0.7760329,0.7798118,0.13326396,0.35415033,0.29127494,AH19J057
0.2283222,0.7905774,0.51680905,0.48571622,0.9089388,0.8561074,0.80267334,0.66769236,0.9813825,0.7830309,0.16097976,0.7739162,0.7784866,0.13224345,0.35317275,0.29161215,AH20K003
0.22060987,0.772912,0.50388175,0.47522536,0.88774836,0.83599937,0.78528184,0.6525352,0.9594178,0.7661122,0.15843925,0.7547547,0.7585328,0.13092326,0.343695,0.28451633,AH17C024
0.22110255,0.7727646,0.5039531,0.47485584,0.88819396,0.8360226,0.7849432,0.6523987,0.9596367,0.76550317,0.15842715,0.7545548,0.75901014,0.13010393,0.34377912,0.2852093,AH17A030
0.22735909,0.7972137,0.5193142,0.49016687,0.9141518,0.86246365,0.81067926,0.6740091,0.98691136,0.7912685,0.16179942,0.77966744,0.7813342,0.13449967,0.35478407,0.29171807,CPO383
0.2223596,0.77817667,0.50784945,0.47836462,0.8938649,0.8417945,0.79113674,0.65698487,0.9659567,0.77174705,0.15924795,0.7598743,0.764388,0.13204336,0.34675187,0.28621668,AH20G046
0.21635522,0.75522995,0.49222225,0.46599272,0.8699291,0.8179816,0.7656814,0.6391656,0.94097304,0.7482844,0.15648721,0.73968613,0.742478,0.12563856,0.33404595,0.2803029,AH17E026
0.22255117,0.77816284,0.5078732,0.47833782,0.89391696,0.8419651,0.7909069,0.6571082,0.96596813,0.77159715,0.15945022,0.7600713,0.76397127,0.13129528,0.3462307,0.28629988,AH20C074
0.21668291,0.76556116,0.4973958,0.47189024,0.87804985,0.8285305,0.7784294,0.6469705,0.9494346,0.7598851,0.15757446,0.7478156,0.749261,0.129452,0.33903432,0.2813165,AH21G058
0.21724276,0.7670734,0.49830565,0.47277138,0.88067716,0.83116186,0.779635,0.6487058,0.9522909,0.76061314,0.15825917,0.750294,0.7515815,0.12967475,0.3392791,0.28277346,AH17B039
0.21712944,0.757002,0.49355873,0.46684167,0.87171847,0.8198308,0.7674229,0.63951087,0.94234526,0.7496635,0.15660287,0.74045163,0.7442003,0.1264406,0.3353385,0.28074062,AH17B021
0.21807398,0.7696628,0.4995384,0.47430098,0.88310635,0.83327657,0.7822161,0.65091,0.9543297,0.76325786,0.15824524,0.7524646,0.7533417,0.12985644,0.3399902,0.2831317,AH17A012
0.21836646,0.76459545,0.4977769,0.47208288,0.8775069,0.82804435,0.7785823,0.6458231,0.94980633,0.75697553,0.15869507,0.74729025,0.7508571,0.1288352,0.33805412,0.2821675,AH17A077
0.21891423,0.77066064,0.5017711,0.4752719,0.8851641,0.83549523,0.78514344,0.65130043,0.9583456,0.76508194,0.15916514,0.75480944,0.7566332,0.13079573,0.3426833,0.28461418,AH20F005
0.2226064,0.7771854,0.5072109,0.4768761,0.8930972,0.8402923,0.7889088,0.65549195,0.9645811,0.7697633,0.15891778,0.7582245,0.7628839,0.1304396,0.34622005,0.28668123,AH17F003
0.21955624,0.7675518,0.50068265,0.47217894,0.88240707,0.8308839,0.7794718,0.6477158,0.95459545,0.76028097,0.15789223,0.75004977,0.75383854,0.12864575,0.34202254,0.28442386,AH17B070
0.22769275,0.79211915,0.51786894,0.48679948,0.9109671,0.85778356,0.8053868,0.6702211,0.98401093,0.78526235,0.16189444,0.7757624,0.7796326,0.1313052,0.35345554,0.29241055,AH16L024
0.22825661,0.79341745,0.518331,0.48738095,0.91174084,0.8589574,0.806083,0.67076874,0.9844693,0.78656226,0.16127959,0.77681506,0.780742,0.13301954,0.35474616,0.29223388,AH21B072
0.22123188,0.7734584,0.50426793,0.47470292,0.8883568,0.8358583,0.78527576,0.65171826,0.9597288,0.7653315,0.158454,0.753963,0.75925165,0.12994638,0.34463212,0.28553185,AH20H031
0.21926184,0.7719358,0.5018225,0.47517678,0.88614166,0.83553106,0.7843606,0.6526126,0.95742136,0.76529086,0.158772,0.7545057,0.75594085,0.12934755,0.34152126,0.28441858,AH17E179
0.2212349,0.7776634,0.504498,0.47874987,0.8918565,0.84232223,0.79246557,0.65491205,0.96677524,0.7703923,0.15960324,0.7620827,0.7635521,0.13240406,0.34632677,0.28870058,AH19D082
0.2286663,0.79536706,0.5197617,0.48869634,0.91432625,0.8619679,0.80925953,0.6733928,0.9882843,0.7889005,0.16200796,0.7799399,0.78354543,0.13390748,0.35584313,0.29319042,AH21D054
0.21876527,0.77140987,0.5013551,0.47583994,0.8852107,0.83535844,0.78444886,0.6523195,0.9570467,0.76560026,0.15868829,0.7541334,0.7553687,0.1301999,0.3414758,0.28359303,AH17D053
0.22217602,0.7722956,0.50382614,0.4741478,0.8877965,0.83571047,0.78384465,0.6506243,0.95980614,0.7639137,0.15843727,0.754084,0.7590521,0.12927411,0.34415254,0.28617585,AH17B014
0.21734218,0.7667616,0.49795675,0.4712777,0.8799949,0.829175,0.7787195,0.6466328,0.9509826,0.75969124,0.15773876,0.74869794,0.75051546,0.12928307,0.33982077,0.2825294,AH17E086
0.22203687,0.7763675,0.5061747,0.47728378,0.89152116,0.8398159,0.7887275,0.655483,0.9634412,0.76950365,0.15879893,0.7583738,0.7620829,0.13108532,0.3455993,0.28576136,AH16L005
0.21898374,0.7653859,0.49835503,0.47265607,0.8787224,0.8289235,0.7793001,0.6460383,0.95057243,0.75717723,0.15868448,0.7478938,0.7516511,0.1284931,0.33829808,0.28279483,AH17C002
0.22296922,0.78239214,0.50976694,0.47960877,0.8992811,0.84638643,0.7942834,0.6607449,0.97046494,0.7754035,0.15927954,0.76413906,0.76657367,0.13234682,0.34808612,0.28800902,AH17B067
0.2188221,0.7672009,0.50029886,0.47362983,0.8816282,0.83052653,0.77973163,0.649786,0.95367926,0.7612538,0.15847243,0.75087094,0.7533262,0.12804405,0.33998477,0.28269517,AH17D115
0.21739037,0.76459944,0.49752286,0.4720741,0.87857443,0.82918525,0.7793913,0.6456527,0.9520576,0.7587792,0.15840057,0.7494877,0.7516336,0.13035843,0.34027636,0.28336924,ALF22B006
0.21539626,0.7599751,0.4939656,0.46853197,0.87246615,0.8229921,0.7721849,0.64306146,0.94491243,0.7534471,0.1575843,0.74306583,0.74510854,0.12741335,0.33604228,0.28106123,CPO184
0.22155792,0.771707,0.50345707,0.47372466,0.8873118,0.8345069,0.7827299,0.6509422,0.9585912,0.7636591,0.15822898,0.7533686,0.75802183,0.12934284,0.3431944,0.28540692,AH17B049
0.22701262,0.79529744,0.5184568,0.4876004,0.91306466,0.8609771,0.8091047,0.6725747,0.98693943,0.78952587,0.16103607,0.77848387,0.7810945,0.13515888,0.35508886,0.29267544,AH17E180
0.21842884,0.7695207,0.49990416,0.4735128,0.8830349,0.8328396,0.781885,0.6506072,0.95512754,0.76300275,0.15830927,0.7520765,0.75435096,0.13029157,0.34086657,0.28341168,AH17D109
0.21426187,0.75675356,0.49185243,0.46586213,0.8714539,0.81997806,0.76675785,0.6407971,0.9416624,0.7498133,0.15632518,0.7401185,0.74126005,0.12704977,0.33349076,0.28088006,AH20G063
0.22301577,0.78579766,0.51087934,0.48392197,0.9008337,0.8507622,0.79955214,0.6643468,0.9735981,0.77954686,0.16060543,0.76893175,0.76981235,0.13346583,0.34837326,0.28831226,AH17D105
0.21759304,0.7656119,0.4978762,0.4723418,0.87856877,0.82940817,0.77928966,0.6477077,0.95123124,0.75882727,0.15854432,0.74899185,0.75152016,0.12954721,0.33860198,0.28253776,AH21L010
0.22002393,0.77483255,0.50377476,0.47668105,0.8892785,0.83888966,0.7878259,0.6551877,0.961455,0.7687116,0.1591089,0.75789374,0.7595166,0.13138364,0.34356678,0.28490055,AH21J071
0.21435134,0.7563838,0.4914505,0.46627423,0.86989045,0.81949955,0.7676873,0.6404122,0.94092673,0.7495753,0.15677717,0.7398442,0.74151677,0.12694748,0.33336464,0.28043017,AH17A023
0.22316425,0.7804917,0.5092884,0.479787,0.89644665,0.84437174,0.79353195,0.6589098,0.9680647,0.77362025,0.1594497,0.76193655,0.7660862,0.1319384,0.34761658,0.28692204,AH17D099
0.21793686,0.76915675,0.49951738,0.47366136,0.8827311,0.83263594,0.78153026,0.6505421,0.9546358,0.76287603,0.15852433,0.7520566,0.7534326,0.12983729,0.33984944,0.28335467,AH17J024
0.22935641,0.79858655,0.5216673,0.48939702,0.91708916,0.8638891,0.81234276,0.6744364,0.98980176,0.79193467,0.1609992,0.78072226,0.7850228,0.13513282,0.3576328,0.29318848,AH16L012
0.2282033,0.79625475,0.520294,0.48887217,0.9154047,0.8625683,0.8104051,0.67363846,0.9880059,0.79029477,0.16137502,0.77948534,0.7833598,0.13468614,0.3555892,0.2926255,AH17E031
0.22134423,0.77115226,0.50357926,0.47399724,0.8877133,0.83553433,0.7832225,0.6509741,0.95990133,0.7643714,0.15842488,0.75495607,0.75847983,0.12975608,0.34419358,0.2858188,AH17A044
0.21734096,0.76799506,0.49829844,0.4729145,0.88084394,0.83064973,0.7803513,0.6487842,0.95171326,0.76160955,0.15791114,0.75005096,0.75126344,0.13006428,0.3395137,0.28184652,AH18K056
0.2216225,0.7828276,0.5086577,0.4823783,0.8974631,0.8479561,0.79651904,0.6624252,0.97036844,0.77720666,0.16018984,0.76604813,0.7667489,0.13327728,0.34675506,0.2871774,AH17B048
0.22843759,0.79378307,0.51879466,0.48406583,0.91564584,0.8596814,0.80369335,0.67068636,0.98668456,0.78551835,0.15969248,0.77741843,0.77967334,0.13296619,0.35480657,0.29446843,AH19I020
0.22026627,0.7763989,0.50442606,0.4770053,0.89050597,0.83958197,0.7889473,0.6557728,0.9617288,0.7696229,0.15904121,0.7581542,0.7596491,0.13073887,0.34401137,0.28518435,AH17D119
0.21276283,0.74771684,0.48685545,0.46257338,0.86060834,0.8099791,0.75906014,0.63374335,0.9315403,0.7413786,0.15618706,0.7322138,0.734538,0.12419388,0.3294452,0.27711806,AH17H020
0.22864854,0.79829377,0.52099174,0.49062172,0.91672856,0.86376226,0.81224614,0.67515457,0.99041605,0.79263794,0.16182499,0.7819256,0.78486466,0.13564469,0.35668042,0.2928918,AH17B066
0.21897864,0.77307206,0.501915,0.47533396,0.8867141,0.8361106,0.7854191,0.65310705,0.95791435,0.7666832,0.15866306,0.75488466,0.7561425,0.13066326,0.3421053,0.2837117,CPO514
0.21640122,0.76362205,0.4958767,0.4713392,0.87697774,0.82682157,0.7759586,0.6458887,0.9480716,0.7577011,0.15781003,0.746624,0.74804705,0.12912479,0.3368882,0.28131995,CPO187
0.21438994,0.7553937,0.4911217,0.46570578,0.86879116,0.8179302,0.7667046,0.63886863,0.9393559,0.74844587,0.1567006,0.7385028,0.7406298,0.12603629,0.33310926,0.2799445,AH17E062
0.2203471,0.7786424,0.50569296,0.47978035,0.8929476,0.84303766,0.79200405,0.65808594,0.96482897,0.7729931,0.15935323,0.76109606,0.76195186,0.13245505,0.3447994,0.28550524,AH17D046
0.21599996,0.76154655,0.49534103,0.46944648,0.87482524,0.8248001,0.77496433,0.642842,0.94779056,0.7551738,0.1578045,0.74526393,0.7472004,0.12858188,0.3381719,0.28226256,AH17A031
0.21665214,0.7642578,0.49673933,0.47151268,0.8778974,0.82766116,0.7761176,0.64697796,0.9495714,0.75803393,0.15804067,0.7474443,0.74917203,0.12816997,0.3375255,0.2823955,CPO131
0.21425837,0.7522158,0.49008203,0.4637452,0.8656192,0.8145037,0.76325387,0.63626385,0.9368008,0.7454335,0.15641294,0.7354527,0.7389101,0.12575509,0.33267826,0.27907273,AH17C070
0.2204695,0.77104366,0.50356495,0.4712403,0.8899762,0.8346744,0.7799173,0.65086573,0.95944804,0.7623212,0.15744011,0.7532932,0.7561065,0.12847988,0.342509,0.2871123,AH17B073
0.22164313,0.77598655,0.50617164,0.4756787,0.8923587,0.8389389,0.78713477,0.65465564,0.9632772,0.7686424,0.15839978,0.7572949,0.76118535,0.13086379,0.3456152,0.28629208,AH17A073
0.21886416,0.77135766,0.50088626,0.47356153,0.88508,0.8343993,0.78443104,0.65020525,0.9573837,0.76398,0.15843277,0.75394785,0.756,0.13038331,0.3425841,0.2851661,AH17E173
0.22531198,0.7815299,0.5111831,0.4790905,0.89940405,0.8458026,0.7926857,0.65886474,0.97088426,0.7736947,0.15989551,0.76324713,0.76843905,0.1303403,0.34881878,0.28890273,AH17E003
0.23129046,0.79693186,0.5216917,0.48889405,0.9166794,0.86306494,0.8099176,0.67229044,0.9895153,0.7893955,0.16139337,0.78023297,0.78558666,0.13368322,0.35792306,0.29392427,AH17E042
0.22414215,0.78632265,0.5131935,0.48188117,0.9065117,0.851906,0.7957242,0.6658943,0.9769764,0.77856135,0.15972792,0.7692916,0.7700243,0.13025469,0.34910887,0.291421,AH17F002
0.21970056,0.7659885,0.4994571,0.47086778,0.8811471,0.82865274,0.7765505,0.6462485,0.9518869,0.7580247,0.15847033,0.74783826,0.75258744,0.12749486,0.33952412,0.2838967,AH16L022
0.22156265,0.7817366,0.5084321,0.4798506,0.8966153,0.8462871,0.7940323,0.6610777,0.96988785,0.7759141,0.16007867,0.765136,0.7658218,0.13261157,0.3466839,0.28742674,CPO154
0.21773076,0.7614501,0.49629143,0.4686478,0.87540114,0.82445884,0.77531415,0.64064765,0.9486099,0.75311786,0.15781516,0.7444353,0.7489984,0.12801036,0.33974856,0.2841887,CPO170
0.21546973,0.7576223,0.4932029,0.4681733,0.8714889,0.82126606,0.76950103,0.6423257,0.9434127,0.75144684,0.15774232,0.74202514,0.7440283,0.12586278,0.33415738,0.2807334,CPO180
0.22020927,0.7760699,0.5041868,0.47706518,0.8901639,0.8395179,0.7888019,0.6554193,0.9617826,0.7696178,0.1588981,0.7582085,0.759624,0.13121893,0.34411788,0.28512263,CPO430
0.21748202,0.7670364,0.49815476,0.47202766,0.88055986,0.82980204,0.77903354,0.648086,0.9514992,0.7604376,0.15787794,0.7491849,0.7508364,0.12933835,0.33928877,0.2825839,AH17A052
0.21383333,0.7560733,0.49079192,0.46680525,0.86866754,0.8187471,0.7679368,0.6395248,0.9398528,0.7498972,0.15679257,0.7394179,0.74076515,0.1279156,0.33392906,0.27899623,CPO147
0.21635957,0.76443493,0.496176,0.47176385,0.8770805,0.8275003,0.7769082,0.6463326,0.9484164,0.758592,0.15758581,0.7475035,0.7484402,0.12976347,0.33787194,0.28086013,AH21H065
0.21697934,0.7651911,0.49675956,0.4714257,0.87782896,0.82787615,0.77768683,0.6461073,0.9487771,0.7584769,0.15748136,0.7476181,0.74895644,0.12950645,0.33881786,0.28132933,AH19E006
0.22011177,0.7727059,0.5031546,0.47598144,0.88770723,0.8369099,0.78543746,0.653355,0.9602195,0.7662442,0.15896595,0.75569373,0.75804085,0.12965566,0.34263805,0.28562757,AH17C042
0.21857427,0.7695311,0.50003046,0.4738226,0.882972,0.8329412,0.7832121,0.64933366,0.955299,0.7629563,0.1581445,0.752553,0.75421447,0.13064954,0.3420726,0.2836811,AH19F064
0.22178024,0.77741796,0.5066868,0.47790328,0.8923508,0.84095484,0.7913726,0.6549593,0.9645931,0.7703067,0.15958606,0.75866836,0.76289415,0.13139701,0.34672496,0.2864168,AH17C018
0.21711811,0.7644597,0.4968719,0.47136423,0.8776587,0.8276654,0.7768958,0.6462281,0.94918615,0.75777406,0.15775745,0.7475971,0.749381,0.12866992,0.33855984,0.2821753,AH21J023
0.21845612,0.7690519,0.49990076,0.47422567,0.88278526,0.8328921,0.7818633,0.65049034,0.9547779,0.7627346,0.15834187,0.75210667,0.753658,0.12985894,0.3406541,0.28318322,CPO174
0.22046374,0.7695211,0.50221753,0.47359976,0.8851152,0.83365214,0.7839568,0.6479064,0.9589171,0.7615551,0.15884607,0.7526868,0.75761396,0.12937556,0.3440913,0.28714088,AH19B066
0.217564,0.76714504,0.49857703,0.4730266,0.8807953,0.83086807,0.78011173,0.648602,0.9526825,0.76116157,0.15828295,0.7504303,0.75215715,0.13018672,0.34009606,0.28241792,AH17J048
0.22799714,0.79928327,0.52114,0.49049276,0.9163041,0.8649062,0.8138231,0.6756467,0.990144,0.7939844,0.16182056,0.7818024,0.7842193,0.13634636,0.35714468,0.29232314,CPO510
0.22683094,0.79608065,0.5188654,0.48852417,0.91276807,0.8612335,0.8099789,0.6729843,0.98638266,0.7907289,0.16126686,0.7783303,0.7807255,0.13552448,0.3552339,0.29131103,AH17E037
0.22605924,0.79272425,0.51689136,0.4865842,0.90935975,0.8578564,0.80667245,0.6698385,0.9828307,0.78701884,0.16101807,0.774912,0.7776753,0.13458051,0.35406736,0.29080588,AH20H036
0.22551572,0.79199606,0.51602143,0.48633128,0.9084886,0.85703534,0.80565757,0.6694623,0.981695,0.7864318,0.16100825,0.774397,0.7766155,0.1349299,0.3531572,0.29001802,CPO133
0.22889668,0.8037888,0.5237946,0.49307573,0.9209868,0.8692089,0.81873965,0.67900854,0.9947168,0.79856193,0.16238417,0.7856415,0.787948,0.13717431,0.35981518,0.29311746,AH17C073
0.22644211,0.79697883,0.5189938,0.4891885,0.9131433,0.86230356,0.811296,0.67368835,0.98683554,0.7920505,0.16173495,0.77901745,0.7808662,0.13574617,0.35557586,0.29113203,AH20G067
0.22587124,0.79472154,0.5174309,0.48836997,0.91092044,0.8600985,0.8089595,0.67188424,0.9842857,0.7895144,0.1614779,0.77701163,0.7787388,0.13517907,0.3540573,0.29073927,AH17A003
0.22947146,0.80334395,0.52416086,0.49287316,0.9208118,0.8686046,0.8174637,0.6784222,0.99460065,0.7984583,0.1620041,0.78504956,0.7877053,0.13695386,0.36017904,0.29299915,AH17A064
0.22702995,0.7964108,0.51915133,0.4883443,0.9135848,0.86179775,0.81013286,0.6730066,0.9870011,0.7907522,0.16140333,0.7788649,0.7809538,0.13547662,0.35554495,0.29175833,AH17B017
0.22555515,0.79369646,0.51669794,0.48800027,0.9099064,0.85921526,0.80775076,0.6713854,0.9835099,0.788496,0.16134089,0.776565,0.7780754,0.13543218,0.35351938,0.29044053,AH17A057
0.22874726,0.79993504,0.5219896,0.49009892,0.91737974,0.8656039,0.8146169,0.6750436,0.99163675,0.794064,0.16174999,0.7824733,0.78536576,0.13640489,0.35894674,0.29320908,AH17A054
0.22902155,0.7974714,0.52118903,0.48851922,0.916153,0.8632371,0.8114672,0.6732885,0.98943806,0.7912093,0.16114607,0.78031886,0.784133,0.13540205,0.35740307,0.29330564,AH17B069
0.22760189,0.79611665,0.5191505,0.4886772,0.91344064,0.8616887,0.81023383,0.6728371,0.9868308,0.7901518,0.16117823,0.7789038,0.7819239,0.13545944,0.35532856,0.29218212,AH20J004
0.22674318,0.7931962,0.51753885,0.4868678,0.91076094,0.85942465,0.8073836,0.6700706,0.9848282,0.7873129,0.16104382,0.7767671,0.77918947,0.13492636,0.35461634,0.29210478,AH21A078
0.22738858,0.7971636,0.51993084,0.4891172,0.9137296,0.8625551,0.81246954,0.672447,0.98777574,0.79138386,0.16181964,0.7787931,0.78197163,0.13516708,0.3571498,0.292499,AH17E030
0.22927819,0.7998825,0.52261925,0.4902524,0.9180742,0.865372,0.81448376,0.67581946,0.9913842,0.7940679,0.16171147,0.7822196,0.78600574,0.13558704,0.35810575,0.2933603,AH19L014
0.22993676,0.80223674,0.5241341,0.49177307,0.9209723,0.8679164,0.81718165,0.6779726,0.99440086,0.7967345,0.16195002,0.78476447,0.78869057,0.13664977,0.35978657,0.29381683,AH21H001
0.22587137,0.792711,0.5166466,0.48684314,0.90909386,0.8576066,0.80646217,0.66997,0.98226935,0.7871635,0.16094117,0.7748786,0.7773021,0.13479939,0.35341468,0.29019368,AH17D048
0.22724858,0.7960322,0.5190439,0.48892462,0.9132362,0.86168826,0.8101992,0.67314416,0.98673177,0.7904569,0.16138932,0.77895594,0.7815448,0.13561197,0.35511956,0.29183513,AH17A027
0.22545826,0.7935511,0.51664025,0.48776847,0.9098518,0.85920465,0.8076591,0.6712949,0.9832914,0.78831726,0.16123876,0.77626294,0.777533,0.13520028,0.35314336,0.29040122,AH21I068
0.22865778,0.8020532,0.52271765,0.4920015,0.9189809,0.8672818,0.8168978,0.6775485,0.99266505,0.7966748,0.1621688,0.78371,0.78639555,0.13664499,0.35895064,0.29275128,AH21I017
0.22726195,0.7975903,0.51957136,0.48986802,0.9144616,0.86325634,0.8114687,0.67418593,0.987819,0.7921024,0.16137175,0.7800427,0.7820165,0.13611072,0.35599703,0.29143834,AH17A025
0.23080643,0.802107,0.5250005,0.4909707,0.9213275,0.8682229,0.81838787,0.6756568,0.99654394,0.79554725,0.16231543,0.78499967,0.79034585,0.13694069,0.36280543,0.2958509,AH17D098
0.22977017,0.8070611,0.52625996,0.4949135,0.9244751,0.8728215,0.8230443,0.68049765,0.99898934,0.8022457,0.16258314,0.78867114,0.7913694,0.13914843,0.36325717,0.29372078,AH17E041
0.22782311,0.8009485,0.52149695,0.49173605,0.9173649,0.86628336,0.8158125,0.6766613,0.99088633,0.7956497,0.16199239,0.7826091,0.78467447,0.13650881,0.3577629,0.292238,AH17C072
0.22583711,0.7911178,0.51634383,0.48615563,0.9086066,0.8575022,0.80538404,0.6688136,0.98267347,0.7855307,0.16137876,0.77485555,0.7775735,0.13469867,0.35339516,0.29138288,AH17B076
0.23031148,0.802355,0.5243245,0.49102405,0.92107445,0.8679604,0.81735605,0.67661947,0.99531287,0.7960429,0.16192707,0.78491694,0.78910506,0.13688788,0.3612635,0.29476497,AH17A071
0.23082428,0.80234265,0.5255237,0.49119815,0.9225948,0.86948293,0.81905717,0.6767812,0.9986664,0.7966026,0.1625774,0.7869268,0.79186594,0.13749862,0.36331117,0.29660898,AH17B064
0.23104762,0.8073914,0.5274965,0.49446937,0.9260599,0.8728647,0.8220557,0.6819583,1.0,0.80232,0.16233273,0.7891854,0.792772,0.13801189,0.3630004,0.29455915,AH17J025
0.23021817,0.8023029,0.5245972,0.49125704,0.9209065,0.867887,0.81722975,0.6769228,0.994721,0.79621446,0.16208114,0.7842065,0.7887872,0.13645026,0.36063507,0.29432315,AH17C026
0.22623137,0.79465866,0.5174536,0.48793137,0.9113482,0.8603733,0.80900615,0.6709014,0.98477435,0.7888361,0.16139072,0.77697676,0.7791011,0.13565277,0.35480165,0.2912132,AH17A002
0.22409572,0.78831273,0.51303315,0.4836006,0.90406877,0.8527598,0.80201375,0.6648759,0.97728455,0.7820224,0.16039962,0.7701451,0.7725397,0.13429333,0.35183305,0.28933287,AH17C068
0.2298692,0.80349547,0.5248147,0.49237794,0.9215457,0.8686057,0.8182785,0.67841923,0.99499977,0.7979642,0.16196975,0.7850096,0.7890098,0.13691588,0.36044183,0.29364732,CPO111
0.22841401,0.8004771,0.5215766,0.4907647,0.9175046,0.8658873,0.8151935,0.6751664,0.99122584,0.79465115,0.16170464,0.7824928,0.7850204,0.13683823,0.35873732,0.2927956,AH17E014
0.22677138,0.7948557,0.5183453,0.48820972,0.91208196,0.8612774,0.80988216,0.6714182,0.98604,0.7891241,0.16167505,0.77832687,0.7805926,0.13560703,0.3551783,0.29212362,AH17F005
0.23141214,0.8020144,0.5247701,0.491131,0.9212729,0.8673889,0.8162464,0.6764417,0.9944296,0.795047,0.16185616,0.78393686,0.78932136,0.13568337,0.36036912,0.29454738,AH17G069
0.22596744,0.7943275,0.51767445,0.48836377,0.9111365,0.86111534,0.8097285,0.67119646,0.9855089,0.7892202,0.16204894,0.77801,0.7795681,0.13555066,0.35499865,0.29161504,AH17B007
0.2314523,0.8056392,0.52621716,0.49332827,0.92437536,0.87058985,0.81983405,0.67992276,0.9969452,0.7991745,0.16192819,0.78674483,0.79149514,0.13757409,0.36176774,0.2943482,CPO186
0.22780722,0.799487,0.5211141,0.4906679,0.91636395,0.86452883,0.814081,0.6753554,0.9896891,0.79408884,0.16202337,0.78088903,0.7835571,0.13561994,0.35730526,0.2920137,AH17G030
0.21772684,0.7660984,0.49860317,0.47102478,0.8816113,0.8295487,0.7761042,0.648173,0.9522626,0.7584661,0.15764847,0.7491161,0.75016445,0.12730019,0.33816332,0.2843917,CPO412
0.22856614,0.8001981,0.5218667,0.49057496,0.91718143,0.865037,0.8149633,0.6747889,0.9905254,0.79413795,0.16199565,0.7811723,0.7848313,0.13555285,0.35874355,0.29274315,AH17B037
0.22383289,0.78939915,0.51294065,0.48515418,0.9048198,0.85432225,0.80256027,0.6678876,0.9780571,0.78392875,0.16112906,0.77220184,0.7727455,0.13407296,0.3503177,0.28885558,AH19E033
0.22705685,0.7953777,0.5188548,0.48825863,0.912417,0.8606114,0.8090798,0.6721394,0.98572356,0.78982776,0.16134909,0.77722174,0.78030884,0.13495119,0.3551885,0.29121882,AH21K014
0.22512001,0.7905692,0.51502424,0.4852424,0.9068734,0.855753,0.8043138,0.66771525,0.98027474,0.78466594,0.16075757,0.77301055,0.7751908,0.13469778,0.35274822,0.29003814,CPO467
0.22826296,0.7994107,0.5213921,0.49023944,0.9164481,0.86414605,0.81364715,0.67476666,0.9896493,0.7940506,0.16162716,0.78090006,0.7840197,0.13598207,0.3577443,0.2922026,AH17E046
0.22690797,0.79871666,0.51981467,0.49009746,0.9147188,0.8639583,0.8130296,0.6748536,0.9880674,0.7934698,0.16184603,0.7804525,0.78184944,0.13572422,0.3562713,0.2915257,AH17D001
0.22857565,0.80003446,0.52167517,0.4904932,0.9172912,0.8656198,0.8146673,0.6749212,0.9911777,0.79420173,0.16199106,0.7819754,0.78505766,0.13611588,0.35862216,0.29319757,AH17B071
0.22785668,0.8013882,0.52194625,0.491665,0.9180394,0.8667278,0.81610006,0.6770777,0.9915892,0.79634476,0.1621092,0.78314877,0.78505343,0.13679512,0.3580153,0.29227218,AH20D042
0.22562233,0.79340297,0.5166288,0.4872575,0.9096664,0.8589691,0.8075894,0.67044735,0.9831791,0.78770375,0.1612632,0.7757307,0.77752376,0.13483475,0.35363758,0.29088253,AH21H046
0.22435278,0.7910543,0.51418436,0.48648512,0.9067339,0.85638803,0.8049166,0.6687914,0.97951895,0.7853191,0.1610725,0.7734065,0.7743261,0.1343821,0.35120752,0.28953817,AH21D064
0.22583456,0.7953497,0.51740885,0.48888966,0.9114361,0.86080265,0.809547,0.6725468,0.9844861,0.78990465,0.16138598,0.7775635,0.77875197,0.13510646,0.35387826,0.29066208,AH17A051
0.2225699,0.7859638,0.5103849,0.48367342,0.90066296,0.8506957,0.79964215,0.6636835,0.97287065,0.780057,0.16017143,0.76800793,0.76863813,0.13351394,0.34872174,0.28776234,AH21D050
0.22992194,0.80330455,0.5241409,0.49211136,0.92128545,0.8687879,0.8175426,0.6779947,0.9949824,0.79727477,0.16230848,0.78552413,0.78872365,0.13688318,0.3601719,0.29406548,CPO469
0.22500053,0.79235923,0.51480716,0.48788515,0.9081248,0.8587439,0.8080469,0.6688518,0.98262244,0.7865188,0.16158354,0.7765995,0.7770839,0.13572833,0.35313207,0.2915021,AH17E004
0.21890096,0.7711249,0.50130457,0.47505513,0.8859704,0.8353642,0.78288835,0.65245825,0.9577336,0.7646567,0.15901212,0.7544863,0.7558986,0.12923387,0.34100398,0.28494865,CPO085
0.22713988,0.79674536,0.5189887,0.48950934,0.91374755,0.8627074,0.81353116,0.67038935,0.98920184,0.7905426,0.16213061,0.7802493,0.78267026,0.13644427,0.35807157,0.29383022,AH17E027
0.22518751,0.79075456,0.5151275,0.4872729,0.90746593,0.8573811,0.80766034,0.66671324,0.9821742,0.7853767,0.16160722,0.77540904,0.7766359,0.13492158,0.35377923,0.29191133,AH16L013
0.22573648,0.79038876,0.5151542,0.48705378,0.907522,0.85718644,0.80775326,0.66639775,0.98368084,0.7841103,0.16211452,0.7757806,0.7779483,0.13400412,0.35358304,0.29376018,AH17D097
0.22623008,0.7911416,0.51537097,0.48464385,0.9090759,0.8567634,0.8063904,0.66540444,0.98341227,0.7825425,0.1612733,0.7744239,0.7772088,0.1340596,0.35529405,0.29388067,CPO570
0.22581223,0.7891922,0.5150348,0.4851197,0.905767,0.855181,0.8061997,0.66525155,0.9820836,0.78249496,0.16132754,0.77363026,0.7766757,0.13387865,0.3548312,0.29301286,AH17E178
0.22527005,0.7886418,0.51447666,0.48639107,0.90556425,0.85584086,0.8062434,0.6649409,0.9819759,0.7831233,0.16183622,0.7743972,0.7767573,0.13498354,0.35400933,0.2926293,AH19I023
0.22738352,0.799063,0.5202003,0.49036482,0.9153347,0.86454093,0.8138947,0.6742795,0.9895642,0.7934896,0.1618166,0.7815097,0.7831452,0.13654251,0.35760105,0.29244286,AH17E020
0.22505176,0.7921704,0.51543933,0.48724,0.9082337,0.8584409,0.8069319,0.66940427,0.9821785,0.78648794,0.16140004,0.775788,0.77676624,0.13529062,0.3526633,0.29089502,AH21E081
0.22875145,0.7993459,0.52145606,0.49104148,0.91727287,0.8645983,0.8128184,0.67564386,0.99037737,0.7935028,0.16196312,0.7817834,0.7849131,0.13530003,0.35714844,0.2925985,AH18L006
0.22719337,0.7979419,0.51936084,0.49054947,0.9145671,0.8643658,0.8133053,0.674048,0.9885363,0.7924272,0.16200057,0.7812291,0.7827258,0.13643049,0.356379,0.29225552,AH17A066
0.22596511,0.7932986,0.51619285,0.48739916,0.9098339,0.85919106,0.80821234,0.66936326,0.9840939,0.78730255,0.16131188,0.77697134,0.7784705,0.13575798,0.35449478,0.2917893,CPO523
0.21904756,0.770173,0.5008434,0.47461596,0.884342,0.83441985,0.7848972,0.649798,0.95826787,0.76367885,0.15887758,0.75457036,0.7567689,0.1313027,0.3430146,0.28543797,AH17A076
0.21984918,0.76912934,0.50146216,0.47436804,0.88389,0.8335742,0.784057,0.6484031,0.9583756,0.761736,0.15886353,0.7538233,0.7568437,0.12982444,0.34375966,0.2866936,AH19H075
0.21515961,0.7592281,0.49315596,0.46789116,0.8721426,0.8223986,0.77154756,0.64190173,0.9439713,0.75278294,0.15750167,0.74306256,0.74426246,0.1279984,0.33548895,0.2809234,AH17B047
0.21671118,0.76273596,0.49572837,0.46989313,0.87627625,0.8260213,0.7766317,0.64306265,0.9493323,0.75588965,0.15782344,0.74664736,0.7488766,0.1294749,0.33905637,0.28320703,AH20A016
0.21782382,0.76934654,0.49922845,0.4739853,0.8825107,0.83243394,0.78181064,0.65008223,0.95349425,0.763104,0.1582254,0.75199324,0.7527222,0.1302936,0.34005648,0.28264174,CPO500
0.21338709,0.75002503,0.4875934,0.46259937,0.86256254,0.81251013,0.7618946,0.6331161,0.9347785,0.7423766,0.15629424,0.73364156,0.7370857,0.12582585,0.33224943,0.27971774,AH17B005
0.2191053,0.7716253,0.5019746,0.4754973,0.8857125,0.8356165,0.78512424,0.6521892,0.9578386,0.76572156,0.15885378,0.7545605,0.7566381,0.13066095,0.34237516,0.2840016,AH17E008
0.21902914,0.76796514,0.49967864,0.47309378,0.8815825,0.83106613,0.78186107,0.64678824,0.9548839,0.76047397,0.15848944,0.7508507,0.75388443,0.12917365,0.34214678,0.28492296,AH17A075
0.21632291,0.7623259,0.49544027,0.4700185,0.87543535,0.82580894,0.77629673,0.6436087,0.948205,0.75597537,0.15761141,0.7463509,0.7481183,0.12935805,0.3387779,0.28238508,AH17A069
0.21769416,0.764776,0.49667335,0.4694485,0.87900656,0.8277814,0.7777659,0.644147,0.9513101,0.75635403,0.15786292,0.7480172,0.7501703,0.12874448,0.34014556,0.28455323,AH17B072
0.2166044,0.76378286,0.49600887,0.47055376,0.87670344,0.82633984,0.7755371,0.64533186,0.9475562,0.7569921,0.15762322,0.74592334,0.74764746,0.1284291,0.3376136,0.28117454,CPO528
0.2186668,0.77093023,0.5012396,0.47499484,0.88457257,0.834979,0.7846518,0.6512145,0.9570633,0.76505923,0.15884836,0.7539421,0.7553946,0.13058871,0.34231347,0.28379127,AH19I051
0.21913676,0.77143264,0.5022423,0.47521088,0.8858334,0.8357505,0.78531486,0.65182954,0.95842165,0.76555854,0.15916069,0.7548069,0.75677544,0.13047487,0.34295073,0.28435582,AH17D051
0.21808599,0.76774275,0.4993433,0.47327536,0.88180923,0.8314706,0.78035575,0.64905614,0.9535156,0.7611737,0.15846077,0.7505273,0.7526997,0.1288425,0.33954632,0.28362313,AH17B065
0.21710111,0.7662499,0.49806973,0.47268838,0.87978196,0.82946295,0.7791646,0.6475799,0.951507,0.76014847,0.15822531,0.7488073,0.7506031,0.12917386,0.3394998,0.28213176,AH17A080
0.21881714,0.7697505,0.5008402,0.4743034,0.88419694,0.8340417,0.7826824,0.650764,0.9567587,0.76339376,0.15880807,0.75324464,0.7552396,0.12925594,0.34156713,0.2849541,AH18J074
0.21945444,0.77364486,0.5030324,0.47651112,0.887662,0.836779,0.78639185,0.6531372,0.95904577,0.7673823,0.15901883,0.7553988,0.7573114,0.13043746,0.3433233,0.2839541,AH17D127
0.2176095,0.7671042,0.49871466,0.4729876,0.88090336,0.8303322,0.77962047,0.64809287,0.952124,0.760765,0.158299,0.74953866,0.75129193,0.12906627,0.3391628,0.28257224,AH20C069
0.21899436,0.77042866,0.5014327,0.47486258,0.8846784,0.8347759,0.7839581,0.65133744,0.9576456,0.7647228,0.15903556,0.7541546,0.755939,0.13045406,0.34251383,0.2840082,AH17E044
0.22003143,0.778221,0.5051465,0.47984824,0.8924002,0.84326166,0.7918194,0.65870816,0.9648161,0.77266526,0.15949428,0.7615789,0.76186174,0.13238917,0.3441917,0.28579786,AH17C021
0.22033371,0.77433044,0.5039076,0.47599357,0.8887431,0.8378159,0.78751636,0.6536261,0.9611149,0.767725,0.15885209,0.7564313,0.75923836,0.13106938,0.34432405,0.2851033,AH17A032
0.2189817,0.7712217,0.5015064,0.47525367,0.8851738,0.83496493,0.7841829,0.65200984,0.95712364,0.7652661,0.1586689,0.75406194,0.75572485,0.13028577,0.34188282,0.28369215,AH19K012
0.2201719,0.7739502,0.5036492,0.4763879,0.8885033,0.83789307,0.78617996,0.6542465,0.96044755,0.7673913,0.1592441,0.75652224,0.7585385,0.12936687,0.3427515,0.28557342,AH21K093
0.21730533,0.7661837,0.49748844,0.47245294,0.87927437,0.8299895,0.7783216,0.64801764,0.9507832,0.7599091,0.15789789,0.74911565,0.7505586,0.1294191,0.3395369,0.28198677,AH17A047
0.22200935,0.7807311,0.50874853,0.47998327,0.89598036,0.8451222,0.7950209,0.6595771,0.9695225,0.7747466,0.15986623,0.76350194,0.7665128,0.13279803,0.34829143,0.28741848,AH17E022
0.219018,0.7706541,0.5017402,0.47477898,0.88518643,0.83442414,0.7844959,0.6503624,0.9572047,0.76441073,0.15878752,0.75350827,0.7559433,0.13043673,0.3430139,0.2841799,AH18L072
0.21911028,0.7716198,0.5022541,0.4749038,0.88579535,0.8353875,0.7851416,0.6516836,0.95837826,0.76586694,0.15894087,0.75463647,0.75665206,0.13060792,0.34348074,0.2841666,CPO134
0.2195541,0.7731855,0.50301915,0.47622254,0.8873442,0.8373271,0.7870535,0.6530332,0.9599696,0.7673168,0.15923789,0.7562452,0.7578484,0.13102707,0.34363145,0.28448352,AH20G057
0.22279876,0.77977574,0.50922954,0.4793107,0.89586943,0.8442641,0.79416364,0.65764916,0.9691254,0.773213,0.15982036,0.7622703,0.7664707,0.13207386,0.34908348,0.28803673,AH17A042
0.21843487,0.76998127,0.5009379,0.47419453,0.8841793,0.83403987,0.783354,0.650807,0.95669335,0.7642056,0.1589142,0.7534011,0.75504106,0.13060041,0.34202874,0.28374058,PAE001
0.21858011,0.7700131,0.5009818,0.47425857,0.8844615,0.8344306,0.78332573,0.65117186,0.957282,0.76422524,0.15893827,0.753731,0.75540596,0.13012487,0.34174696,0.28430313,AH17D118
0.21847783,0.76843894,0.50051373,0.47351357,0.88287514,0.83309644,0.7824196,0.64977765,0.9565738,0.76235014,0.15884541,0.752532,0.7549651,0.12997416,0.3417349,0.2847724,AH17A004
0.22039707,0.77098036,0.5025482,0.47481972,0.88634163,0.8349945,0.7848522,0.6499014,0.95883596,0.76391834,0.15865196,0.75413835,0.75783205,0.13044201,0.34393215,0.28569666,AH17B046
0.22134717,0.77281636,0.50440085,0.47504085,0.8887087,0.83714175,0.7867138,0.6516877,0.9618981,0.76558936,0.1587345,0.75612634,0.7603391,0.13049747,0.3459411,0.28693083,AH17B056
0.22057116,0.7707674,0.50289214,0.47405407,0.8859077,0.8348968,0.7848107,0.6499033,0.9591815,0.7635047,0.15835308,0.75427705,0.7580385,0.13037245,0.34495375,0.28601646,CPO545
0.21944812,0.77088785,0.502301,0.47355562,0.8853765,0.8348619,0.78404415,0.65187925,0.9586081,0.7646495,0.15887783,0.75413567,0.7574529,0.13027026,0.34327105,0.28510392,CPO470
0.21747224,0.76498854,0.49781048,0.47272223,0.8787632,0.829955,0.7809437,0.64529335,0.9537632,0.75938946,0.15890875,0.7511351,0.7527514,0.13106485,0.34090847,0.2846107,AH17B013
0.21897003,0.76923037,0.50128055,0.4734232,0.8838815,0.8333403,0.7827871,0.650272,0.957066,0.7632795,0.15894438,0.75267804,0.7556909,0.12983285,0.34250852,0.28452972,CPO443
0.22068249,0.7743128,0.5051305,0.47628397,0.88955194,0.83909553,0.7885195,0.6544536,0.9634505,0.7685769,0.15943636,0.7580496,0.7611658,0.13117906,0.34563506,0.2862941,AH20L066
0.22215523,0.7759436,0.5073097,0.47716057,0.89265597,0.840583,0.790156,0.6541948,0.96545655,0.76915866,0.15948747,0.7588326,0.7633027,0.13091409,0.34740135,0.28754693,AH17C074
0.22176433,0.77576315,0.5065706,0.47721693,0.8918885,0.84045684,0.7898348,0.6547675,0.9645968,0.7692536,0.15938553,0.75885063,0.7626379,0.13113195,0.34647143,0.28681564,AH17C017
0.21934675,0.77301574,0.5029761,0.47578704,0.88727355,0.8371545,0.7868909,0.6529036,0.9600842,0.76715994,0.15909542,0.75647295,0.7580161,0.1312758,0.34389466,0.28474662,AH17D033
0.22185892,0.7774666,0.5070917,0.47794357,0.8935308,0.8419996,0.7906583,0.656971,0.9665283,0.77094793,0.1594815,0.76049656,0.7637458,0.13038799,0.3465493,0.28805602,AH17D110
0.21983649,0.77402574,0.5038909,0.4769241,0.8889766,0.8388687,0.7875066,0.6546956,0.9619463,0.76820153,0.15961267,0.75775206,0.7593335,0.13036188,0.34355584,0.28582576,AH17A007
0.21961631,0.7726046,0.5033271,0.47596386,0.8874167,0.83731,0.7869993,0.6527939,0.96073407,0.7668932,0.15934624,0.7566207,0.7587002,0.13113528,0.3443035,0.28523618,AH17A079
0.21910097,0.7709656,0.50217783,0.47497618,0.88543963,0.8353619,0.7850153,0.65135616,0.95851886,0.76518065,0.15912804,0.7546796,0.7567964,0.13060743,0.34325248,0.28450298,AH17C027
0.21989895,0.77309966,0.5037919,0.47612908,0.8877785,0.837544,0.78727806,0.6530318,0.96095157,0.76732475,0.15927695,0.7566005,0.7590233,0.13104184,0.34441864,0.2851487,AH20H012
0.21944271,0.77219546,0.503042,0.47537816,0.88682777,0.83646274,0.7859823,0.65223056,0.9598976,0.7664067,0.15909934,0.75548863,0.7579787,0.13090631,0.34416455,0.28471437,AH17A070
0.21862583,0.77064353,0.50122935,0.47453,0.8845662,0.83447945,0.78396845,0.65106124,0.95679957,0.76470286,0.15889688,0.7535566,0.75508416,0.12999532,0.3420927,0.2838933,AH17B011
0.21925613,0.7715308,0.5025223,0.47511378,0.88617635,0.83574533,0.7855829,0.65178984,0.95896536,0.7657716,0.1591137,0.75504774,0.75710595,0.13050155,0.34356877,0.2846559,AH20H045
0.21940371,0.77220565,0.5027777,0.47555047,0.88667154,0.83651334,0.7859508,0.6523209,0.95936507,0.7664477,0.15894651,0.7556151,0.75766915,0.13114503,0.34367427,0.2844937,AH17A053
0.21997334,0.7737522,0.5040615,0.47632557,0.8882809,0.83799255,0.7878872,0.65327346,0.9613209,0.7679067,0.15921837,0.7568789,0.759355,0.13146077,0.3450606,0.28508443,CPO527
0.21913843,0.77061546,0.50200796,0.47450247,0.8848554,0.8345308,0.78448564,0.65087277,0.95770913,0.7648616,0.15866193,0.75377864,0.7565021,0.1306995,0.34358665,0.2840949,CPO503
0.22291945,0.7799872,0.5084045,0.47880545,0.8954318,0.8433434,0.79237956,0.65765405,0.96653557,0.7728068,0.1590534,0.76087594,0.7645225,0.13162589,0.34756655,0.28655574,AH20B029
0.21875739,0.7688997,0.5001503,0.47363517,0.8827339,0.8328109,0.78322494,0.64925694,0.9561421,0.76267344,0.15851708,0.7526632,0.75502837,0.13049978,0.34221396,0.28440738,AH21B035
0.2252829,0.78641427,0.5128534,0.4825202,0.9027635,0.8509035,0.79780924,0.66423285,0.97508436,0.77935934,0.16023898,0.76830506,0.771834,0.13214587,0.34937832,0.28953567,AH17A040
0.22117995,0.77538383,0.5051697,0.4768732,0.8905276,0.8389927,0.78775334,0.6547205,0.96221024,0.7685848,0.15871802,0.75756514,0.76094866,0.13151884,0.34475082,0.28532684,AH19G035
0.21511775,0.7591772,0.49279016,0.46752244,0.8713224,0.8210512,0.7711758,0.64127666,0.9418994,0.75278986,0.1566124,0.74147826,0.7431534,0.12842435,0.33578023,0.27940813,AH17D117
0.21711548,0.7652981,0.4970976,0.4715127,0.87815434,0.82803404,0.7775573,0.64670706,0.95003754,0.7583784,0.15761301,0.74767184,0.7497944,0.12926975,0.3388109,0.282065,AH17E045
0.21142682,0.74576104,0.4836392,0.46006677,0.85722387,0.80697876,0.75721234,0.6289765,0.9279131,0.73812044,0.15526281,0.728777,0.731018,0.12522392,0.32931653,0.2774037,AH17A050
0.22790253,0.7984619,0.5207736,0.49011767,0.91617894,0.8646556,0.81380236,0.6742286,0.9905141,0.7929609,0.16209486,0.7814143,0.78426737,0.1364765,0.35798958,0.29305786,AH17D045
0.22568679,0.7931022,0.5162455,0.48762175,0.90956867,0.8588116,0.8081939,0.6688552,0.9835359,0.7873222,0.16174766,0.775957,0.77786493,0.13499577,0.35421893,0.29150137,AH17B042
0.21891546,0.7709629,0.5011193,0.47447067,0.88465416,0.8341583,0.7837082,0.6514274,0.95626575,0.76382154,0.15853018,0.7529964,0.7554213,0.13006595,0.3413739,0.28396556,AH21L066
0.21844527,0.77026373,0.5001547,0.47293842,0.88318,0.8323162,0.78233117,0.6500799,0.9540518,0.76333547,0.1577327,0.75156045,0.7536602,0.13050635,0.34128484,0.28286725,AH17C016
0.21402724,0.7550516,0.4900998,0.46569207,0.8672929,0.81696063,0.76646966,0.6376653,0.93788254,0.748137,0.15647905,0.7371863,0.73947054,0.12694031,0.33353007,0.27892375,AH20L040
0.2162241,0.76412433,0.4966009,0.4685565,0.8782706,0.82598275,0.7736736,0.6449498,0.94790506,0.75574374,0.15692897,0.74559957,0.7463864,0.12765545,0.33751884,0.28215915,AH16L040
0.21746981,0.7658756,0.49823052,0.47105765,0.8804311,0.8289872,0.77676624,0.6472008,0.95132244,0.7586425,0.15748969,0.74792033,0.7500558,0.1286587,0.33879137,0.28317508,AH20K062
0.22633974,0.7896268,0.51499116,0.48599744,0.90681124,0.85563654,0.8026639,0.6676873,0.97979444,0.783048,0.16118374,0.77321696,0.77637035,0.13313404,0.35169366,0.29107803,AH16L039
0.22188313,0.7767926,0.5064684,0.47782385,0.8919781,0.8402518,0.7896148,0.656146,0.9636061,0.7699775,0.15920196,0.75839084,0.7622041,0.13062064,0.34549993,0.28580797,AH17F072
0.22125156,0.781826,0.5077137,0.48136905,0.8964353,0.84654546,0.79510456,0.66109294,0.9690356,0.77571493,0.16006193,0.76479286,0.76520205,0.13278167,0.34585673,0.2869637,AH17J070
0.21881822,0.76627636,0.49966413,0.4717055,0.8812879,0.8294951,0.77871686,0.64849514,0.9531731,0.75978273,0.15801726,0.74949056,0.7535188,0.12831585,0.3399198,0.28343695,AH20G002
0.21895078,0.7693315,0.5005019,0.47361052,0.88375586,0.8331257,0.78169674,0.65054446,0.95592445,0.7624821,0.15829135,0.7520731,0.75490254,0.12954068,0.3411851,0.28415203,AH19A030
0.22169802,0.7729167,0.50477,0.47589317,0.88845134,0.83727604,0.78892225,0.6504917,0.9629911,0.76506007,0.15931089,0.7568079,0.7613421,0.13050976,0.3467646,0.28820598,AH17A055
0.22835001,0.80218214,0.5224461,0.492313,0.9190107,0.86724687,0.816211,0.67728287,0.9918815,0.79661614,0.16220693,0.7835719,0.7853784,0.13625403,0.35823417,0.29251277,AH17F009
0.21678798,0.76446056,0.49732453,0.47100186,0.8784937,0.82772803,0.776911,0.6457974,0.9500807,0.75787395,0.15833087,0.74637,0.7494386,0.1276554,0.338098,0.28266683,AH17F008
0.22079109,0.7767246,0.5046602,0.47770816,0.8904746,0.84046316,0.78948426,0.6550798,0.96273255,0.7687841,0.15916039,0.75884354,0.7612496,0.1312879,0.34543934,0.2864112,AH17B040
0.22186685,0.7687856,0.5017762,0.47209403,0.88474596,0.83194387,0.77907276,0.6482331,0.9556369,0.7607842,0.15749286,0.75152564,0.7557133,0.12864546,0.34247047,0.2844554,AH17E177
0.22164911,0.7761707,0.5059725,0.47689942,0.8913185,0.8392723,0.78893584,0.65491706,0.96333617,0.769167,0.15884744,0.75767386,0.7617856,0.13128552,0.34566784,0.28584832,AH21L024
0.22181752,0.7772493,0.5066542,0.4774862,0.89224505,0.8405441,0.7902235,0.65555936,0.9638348,0.7703766,0.15916191,0.75848407,0.7621603,0.13111372,0.3455816,0.28592962,AH17D002
0.216954,0.7558393,0.4928895,0.46525455,0.8705518,0.81834954,0.76597935,0.6384401,0.94136935,0.748261,0.15613984,0.73923755,0.74313533,0.12579152,0.33574918,0.28100082,AH21E035
0.22098546,0.7761901,0.50516444,0.47808173,0.8895265,0.83944696,0.78935176,0.65480506,0.96273726,0.7679358,0.15951575,0.75861895,0.7610971,0.13104856,0.34351012,0.28574187,AH21K077
0.22287774,0.7772933,0.50750655,0.47696286,0.89318687,0.84048903,0.7893582,0.65597963,0.96480656,0.76997215,0.15900142,0.7584447,0.7635852,0.13009967,0.34601054,0.28707623,CPO103
0.21822199,0.77207536,0.5010599,0.47474203,0.88616246,0.8358243,0.78364325,0.65242,0.95714873,0.7654707,0.1581644,0.7546924,0.754635,0.13080642,0.34090593,0.28415594,AH21H012
0.22948311,0.7974668,0.5213285,0.48885757,0.91698635,0.8627237,0.8106326,0.67359257,0.9886037,0.7902866,0.16085094,0.77953124,0.7846011,0.13536899,0.35684088,0.29294342,AH17A022
0.21665184,0.7624496,0.49566886,0.4695094,0.87663627,0.82619536,0.77574605,0.643247,0.9489223,0.7551372,0.15777364,0.74639875,0.748373,0.12867145,0.3383917,0.28332424,AH17D090
0.2197911,0.77442485,0.50329936,0.4764057,0.88817465,0.83770406,0.78703076,0.65416974,0.95990646,0.7676741,0.15896527,0.75647116,0.7581552,0.13093315,0.34312472,0.28419763,AH17A033
0.22249268,0.7813175,0.50867856,0.48058972,0.8973265,0.84662944,0.7956958,0.65883094,0.9706885,0.77471876,0.16050638,0.764656,0.7670838,0.13250998,0.34863865,0.2887635,AH17E176
0.21744591,0.7662715,0.4979273,0.47221848,0.87976635,0.8298989,0.779158,0.6477806,0.9518024,0.75970453,0.15807629,0.7496699,0.75150883,0.1299013,0.3395968,0.2826456,AH17B051
0.21938859,0.7652409,0.50011593,0.46905267,0.88372594,0.8299368,0.7766484,0.64574474,0.9551471,0.75643533,0.15765893,0.74895626,0.75297594,0.12745865,0.34085497,0.28722656,AH19I054
0.22224228,0.7763275,0.5065133,0.47708178,0.8922088,0.8397196,0.788459,0.6549748,0.96349,0.76922345,0.15886186,0.7577455,0.7622905,0.13088761,0.34599712,0.2859945,CPO459
0.21822545,0.7712164,0.50049233,0.47311252,0.8845572,0.83401173,0.783091,0.6512128,0.95599765,0.7641873,0.15826228,0.75302017,0.7541681,0.13017932,0.34162146,0.2837842,AH17E005
0.2148955,0.7547329,0.49088115,0.46567667,0.86842203,0.8175511,0.76532686,0.63909614,0.93909824,0.74747014,0.15683486,0.73834085,0.74046856,0.12510715,0.33210304,0.28064433,AH17E175
0.22652924,0.7939395,0.5178562,0.48548445,0.91223514,0.85920656,0.80542916,0.6705789,0.9844835,0.78683454,0.16034946,0.77636755,0.77783364,0.13417393,0.35404515,0.29223418,AH17E021
0.22037663,0.7687375,0.50054985,0.4703398,0.884603,0.83141273,0.77738345,0.64737767,0.954623,0.7591154,0.15725824,0.75054127,0.75338656,0.12846908,0.3414158,0.2852978,AH16L010
0.21546872,0.75904775,0.49248812,0.46770972,0.87115806,0.82164717,0.76974916,0.64073575,0.9427073,0.7513285,0.15763284,0.7417186,0.7427631,0.12690131,0.33492026,0.28032938,AH17E171
0.21333908,0.75411,0.4891649,0.46437362,0.8663237,0.81597173,0.76492643,0.6373622,0.9367447,0.7470216,0.15647273,0.73684317,0.73812264,0.1269142,0.33219317,0.27853832,CPO532
0.22207838,0.7771104,0.50693506,0.47787532,0.89243704,0.84118193,0.7927054,0.6545955,0.96680856,0.7702224,0.15975393,0.7598375,0.76360714,0.13123839,0.34773615,0.2880439,AH17E029
0.21649489,0.76510465,0.49674794,0.470938,0.87797946,0.82789844,0.7763351,0.6471037,0.9496105,0.75928617,0.15793166,0.74835026,0.7487434,0.12960626,0.3375884,0.28134918,AH16L008
0.22862019,0.80074435,0.521767,0.49009827,0.91885096,0.86666423,0.81522334,0.67692596,0.9938087,0.79459965,0.16184035,0.7844955,0.78692627,0.13650042,0.35905743,0.29456714,AH17A045
0.21098337,0.74270254,0.4829034,0.4592737,0.85489345,0.8045,0.75313336,0.6293174,0.92555577,0.73612213,0.15553755,0.72687405,0.7289378,0.12338451,0.32657033,0.27581602,CPO086
0.21745281,0.76406914,0.4971719,0.47049543,0.87738967,0.8271126,0.7769858,0.64490485,0.94966185,0.75758237,0.1574907,0.7468523,0.74947834,0.1291307,0.33993736,0.28216022,AH17A048
0.21956822,0.76807547,0.5004709,0.47228974,0.88262475,0.83143723,0.7814377,0.6467291,0.9555163,0.7603415,0.15832576,0.7506437,0.75483024,0.12955143,0.34269178,0.28524566,AH17D103
0.22939874,0.80524117,0.5251168,0.4937711,0.9228379,0.87094796,0.82064855,0.6803724,0.99728125,0.80018,0.16246992,0.7875424,0.79027706,0.13816604,0.36140493,0.29390767,AH21L001
0.22624663,0.79439294,0.5177066,0.48758408,0.9109834,0.8602447,0.808573,0.67156416,0.9849939,0.78934664,0.16136874,0.7770855,0.77889484,0.13490042,0.35494342,0.2914057,AH17D100
0.22546333,0.7930316,0.51615286,0.4874573,0.90927166,0.8588059,0.80709654,0.66997355,0.98280203,0.78741145,0.16115032,0.7757876,0.7771607,0.13500977,0.3532055,0.2908924,AH17A026
0.22696102,0.792754,0.5178394,0.4869261,0.9112224,0.85967714,0.807888,0.6689578,0.9865287,0.7871651,0.16169457,0.7775931,0.7803412,0.13496652,0.35546723,0.29356712,AH19D018
0.2219575,0.7823752,0.5087672,0.48128298,0.89724773,0.84705776,0.79613763,0.6606014,0.9701361,0.77667075,0.15972027,0.76495415,0.76647824,0.13374387,0.34801865,0.28711283,CPO522
0.22739202,0.79725,0.5197894,0.488835,0.91408235,0.86234,0.8117375,0.6727274,0.98781604,0.791499,0.16159332,0.7790687,0.78196245,0.13568369,0.35699266,0.2921053,AH17E023
0.23021187,0.80534476,0.5253944,0.49292544,0.9229255,0.87060004,0.8203777,0.67871785,0.9969896,0.79922575,0.16222271,0.7864348,0.7900826,0.1372962,0.36226702,0.29439017,AH17B036
0.23074941,0.8057243,0.5262478,0.49331558,0.9239912,0.8709924,0.8206549,0.68010074,0.997882,0.8000231,0.16219455,0.787202,0.79120964,0.13724786,0.36230493,0.2945119,AH17C066
0.22320645,0.7874884,0.51178277,0.48467663,0.90254194,0.85215116,0.8012686,0.66541696,0.9747662,0.7818471,0.1605949,0.7693304,0.77053607,0.13353421,0.34970912,0.28804854,AH17E036
0.22560737,0.7928542,0.5158448,0.48783097,0.90915966,0.85898674,0.8075956,0.66973805,0.98283696,0.78711057,0.1614583,0.77608246,0.7774562,0.1351036,0.35311672,0.29110467,AH17B054
0.22596611,0.7952044,0.51714194,0.4891067,0.91125745,0.86101186,0.81077063,0.6702904,0.9851581,0.7891436,0.161814,0.7780834,0.7791297,0.13562346,0.35539597,0.29182345,AH17E006
0.22522216,0.7900982,0.5140263,0.4856937,0.90642196,0.85626096,0.80630493,0.6656946,0.9817899,0.7833535,0.16155815,0.7746479,0.77647084,0.13460243,0.35367626,0.29259038,CPO102
0.2164584,0.7595638,0.49396306,0.46876302,0.8733868,0.8233704,0.7711242,0.64189976,0.9444034,0.7519828,0.15772125,0.74296635,0.74537086,0.12711932,0.33530462,0.28139505,AH17F007
0.22777337,0.79891956,0.5209266,0.49225137,0.91669655,0.8656776,0.8150553,0.67424345,0.9910179,0.7930811,0.16249394,0.7817741,0.7841822,0.1349016,0.35890305,0.29348564,AH17A028
0.22390957,0.787809,0.5125587,0.48394838,0.90309715,0.8519333,0.801121,0.66526204,0.9757615,0.78189236,0.16032694,0.7693889,0.77140176,0.13375014,0.35071003,0.28829843,AH21D052
0.22887719,0.80197215,0.5229315,0.49218395,0.9196709,0.8677272,0.8164486,0.67725575,0.99310285,0.7964909,0.16215175,0.78448427,0.7867894,0.13709892,0.35925293,0.29301926,AH20J048
0.22130674,0.7798407,0.5070349,0.48026034,0.8950328,0.8451813,0.7938906,0.65880316,0.9687487,0.7738973,0.15989748,0.76391274,0.76526374,0.13350293,0.34682328,0.28746405,AH18K065
0.21965282,0.772794,0.50216603,0.47581506,0.8864641,0.83633053,0.7855965,0.6526551,0.9582711,0.76619536,0.15874103,0.7552818,0.7567724,0.1306857,0.34269595,0.28398326,AH17D108
0.22252892,0.7787725,0.50761586,0.47805223,0.8940252,0.8423266,0.7912858,0.65578854,0.96634626,0.7707103,0.15923929,0.7600036,0.76375556,0.1311756,0.3477692,0.2873938,AH17D102
0.21851021,0.76487845,0.49965817,0.4702151,0.88036585,0.82912755,0.7774354,0.64648074,0.95368546,0.7584543,0.15845077,0.748381,0.7527626,0.12857601,0.34098372,0.28447726,AH21G062
0.2218446,0.7764514,0.5065596,0.47667143,0.89199644,0.84018785,0.7895327,0.65451056,0.9642071,0.7692713,0.15923527,0.7582729,0.76213074,0.13089415,0.34644789,0.28664508,AH21C067
0.2217191,0.7746586,0.5058278,0.47626957,0.8905014,0.83871734,0.7879325,0.653759,0.9629242,0.7679362,0.15897167,0.75713664,0.7616192,0.13093932,0.3458044,0.28624833,AH17B035
0.22021419,0.774415,0.5043284,0.47677276,0.889127,0.83882695,0.78853166,0.65398085,0.96185666,0.7685478,0.15942387,0.75756353,0.75958633,0.13100561,0.34481072,0.2852559,CPO175
0.22089678,0.7753198,0.5056151,0.47703233,0.890885,0.84008986,0.7887327,0.6555697,0.9643811,0.7691505,0.15988639,0.7586256,0.761751,0.12969255,0.34505832,0.28728622,AH21F047
0.21883279,0.76975656,0.5011978,0.4741401,0.8840527,0.8335487,0.78363603,0.6496714,0.95654935,0.7636571,0.15892598,0.7525587,0.75514656,0.12976724,0.34295765,0.28412262,AH16L009
0.21911211,0.7700645,0.5018283,0.47431868,0.88482213,0.83464056,0.78412557,0.65084285,0.9580803,0.7645013,0.15883513,0.75409704,0.7566612,0.13040064,0.34311894,0.28478035,AH17J035
0.21915281,0.7708443,0.502146,0.4747236,0.88561183,0.8355295,0.78466076,0.65171945,0.9590083,0.7654002,0.15909636,0.7548341,0.7572043,0.13080819,0.34304437,0.28463042,AH18J052
0.21684392,0.76475567,0.4973704,0.47120368,0.8783476,0.82803017,0.7777997,0.645529,0.94984937,0.75851387,0.15765707,0.74776804,0.74978137,0.12986428,0.33942786,0.2821115,AH17F004
